t;sucrose_input_rate
0;2.91464553486697E-12
1;2.91464553486697E-12
2;2.91464553486697E-12
3;2.91464553486697E-12
4;2.91464553486697E-12
5;2.91464553486697E-12
6;2.91464553486697E-12
7;5.34297465515512E-11
8;1.07135994074602E-10
9;1.50790618045489E-10
10;1.84393618464212E-10
11;2.07944995330771E-10
12;2.21444748645166E-10
13;2.24892878407397E-10
14;2.18289384617464E-10
15;2.01634267275367E-10
16;1.74927526381106E-10
17;1.38169161934681E-10
18;9.13591739360925E-11
19;2.91464553486697E-12
20;2.91464553486697E-12
21;2.91464553486697E-12
22;2.91464553486697E-12
23;2.91464553486697E-12
24;2.91464553486697E-12
25;2.91464553486697E-12
26;2.91464553486697E-12
27;2.91464553486697E-12
28;2.91464553486697E-12
29;2.91464553486697E-12
30;2.91464553486697E-12
31;5.34297465515512E-11
32;1.07135994074602E-10
33;1.50790618045489E-10
34;1.84393618464212E-10
35;2.07944995330771E-10
36;2.21444748645166E-10
37;2.24892878407397E-10
38;2.18289384617464E-10
39;2.01634267275367E-10
40;1.74927526381106E-10
41;1.38169161934681E-10
42;9.13591739360925E-11
43;2.91464553486697E-12
44;2.91464553486697E-12
45;2.91464553486697E-12
46;2.91464553486697E-12
47;2.91464553486697E-12
48;2.91464553486697E-12
49;2.91464553486697E-12
50;2.91464553486697E-12
51;2.91464553486697E-12
52;2.91464553486697E-12
53;2.91464553486697E-12
54;2.91464553486697E-12
55;5.34297465515512E-11
56;1.07135994074602E-10
57;1.50790618045489E-10
58;1.84393618464212E-10
59;2.07944995330771E-10
60;2.21444748645166E-10
61;2.24892878407397E-10
62;2.18289384617464E-10
63;2.01634267275367E-10
64;1.74927526381106E-10
65;1.38169161934681E-10
66;9.13591739360925E-11
67;2.91464553486697E-12
68;2.91464553486697E-12
69;2.91464553486697E-12
70;2.91464553486697E-12
71;2.91464553486697E-12
72;2.91464553486697E-12
73;2.91464553486697E-12
74;2.91464553486697E-12
75;2.91464553486697E-12
76;2.91464553486697E-12
77;2.91464553486697E-12
78;2.91464553486697E-12
79;5.34297465515512E-11
80;1.07135994074602E-10
81;1.50790618045489E-10
82;1.84393618464212E-10
83;2.07944995330771E-10
84;2.21444748645166E-10
85;2.24892878407397E-10
86;2.18289384617464E-10
87;2.01634267275367E-10
88;1.74927526381106E-10
89;1.38169161934681E-10
90;9.13591739360925E-11
91;2.91464553486697E-12
92;2.91464553486697E-12
93;2.91464553486697E-12
94;2.91464553486697E-12
95;2.91464553486697E-12
96;2.91464553486697E-12
97;2.91464553486697E-12
98;2.91464553486697E-12
99;2.91464553486697E-12
100;2.91464553486697E-12
101;2.91464553486697E-12
102;2.91464553486697E-12
103;5.34297465515512E-11
104;1.07135994074602E-10
105;1.50790618045489E-10
106;1.84393618464212E-10
107;2.07944995330771E-10
108;2.21444748645166E-10
109;2.24892878407397E-10
110;2.18289384617464E-10
111;2.01634267275367E-10
112;1.74927526381106E-10
113;1.38169161934681E-10
114;9.13591739360925E-11
115;2.91464553486697E-12
116;2.91464553486697E-12
117;2.91464553486697E-12
118;2.91464553486697E-12
119;2.91464553486697E-12
120;2.91464553486697E-12
121;2.91464553486697E-12
122;2.91464553486697E-12
123;2.91464553486697E-12
124;2.91464553486697E-12
125;2.91464553486697E-12
126;2.91464553486697E-12
127;5.34297465515512E-11
128;1.07135994074602E-10
129;1.50790618045489E-10
130;1.84393618464212E-10
131;2.07944995330771E-10
132;2.21444748645166E-10
133;2.24892878407397E-10
134;2.18289384617464E-10
135;2.01634267275367E-10
136;1.74927526381106E-10
137;1.38169161934681E-10
138;9.13591739360925E-11
139;2.91464553486697E-12
140;2.91464553486697E-12
141;2.91464553486697E-12
142;2.91464553486697E-12
143;2.91464553486697E-12
144;2.91464553486697E-12
145;2.91464553486697E-12
146;2.91464553486697E-12
147;2.91464553486697E-12
148;2.91464553486697E-12
149;2.91464553486697E-12
150;2.91464553486697E-12
151;5.34297465515512E-11
152;1.07135994074602E-10
153;1.50790618045489E-10
154;1.84393618464212E-10
155;2.07944995330771E-10
156;2.21444748645166E-10
157;2.24892878407397E-10
158;2.18289384617464E-10
159;2.01634267275367E-10
160;1.74927526381106E-10
161;1.38169161934681E-10
162;9.13591739360925E-11
163;2.91464553486697E-12
164;2.91464553486697E-12
165;2.91464553486697E-12
166;2.91464553486697E-12
167;2.91464553486697E-12
168;2.91464553486697E-12
169;2.91464553486697E-12
170;2.91464553486697E-12
171;2.91464553486697E-12
172;2.91464553486697E-12
173;2.91464553486697E-12
174;2.91464553486697E-12
175;5.34297465515512E-11
176;1.07135994074602E-10
177;1.50790618045489E-10
178;1.84393618464212E-10
179;2.07944995330771E-10
180;2.21444748645166E-10
181;2.24892878407397E-10
182;2.18289384617464E-10
183;2.01634267275367E-10
184;1.74927526381106E-10
185;1.38169161934681E-10
186;9.13591739360925E-11
187;2.91464553486697E-12
188;2.91464553486697E-12
189;2.91464553486697E-12
190;2.91464553486697E-12
191;2.91464553486697E-12
192;2.91464553486697E-12
193;2.91464553486697E-12
194;2.91464553486697E-12
195;2.91464553486697E-12
196;2.91464553486697E-12
197;2.91464553486697E-12
198;2.91464553486697E-12
199;5.34297465515512E-11
200;1.07135994074602E-10
201;1.50790618045489E-10
202;1.84393618464212E-10
203;2.07944995330771E-10
204;2.21444748645166E-10
205;2.24892878407397E-10
206;2.18289384617464E-10
207;2.01634267275367E-10
208;1.74927526381106E-10
209;1.38169161934681E-10
210;9.13591739360925E-11
211;2.91464553486697E-12
212;2.91464553486697E-12
213;2.91464553486697E-12
214;2.91464553486697E-12
215;2.91464553486697E-12
216;2.91464553486697E-12
217;2.91464553486697E-12
218;2.91464553486697E-12
219;2.91464553486697E-12
220;2.91464553486697E-12
221;2.91464553486697E-12
222;2.91464553486697E-12
223;5.34297465515512E-11
224;1.07135994074602E-10
225;1.50790618045489E-10
226;1.84393618464212E-10
227;2.07944995330771E-10
228;2.21444748645166E-10
229;2.24892878407397E-10
230;2.18289384617464E-10
231;2.01634267275367E-10
232;1.74927526381106E-10
233;1.38169161934681E-10
234;9.13591739360925E-11
235;2.91464553486697E-12
236;2.91464553486697E-12
237;2.91464553486697E-12
238;2.91464553486697E-12
239;2.91464553486697E-12
240;2.91464553486697E-12
241;2.91464553486697E-12
242;2.91464553486697E-12
243;2.91464553486697E-12
244;2.91464553486697E-12
245;2.91464553486697E-12
246;2.91464553486697E-12
247;5.34297465515512E-11
248;1.07135994074602E-10
249;1.50790618045489E-10
250;1.84393618464212E-10
251;2.07944995330771E-10
252;2.21444748645166E-10
253;2.24892878407397E-10
254;2.18289384617464E-10
255;2.01634267275367E-10
256;1.74927526381106E-10
257;1.38169161934681E-10
258;9.13591739360925E-11
259;2.91464553486697E-12
260;2.91464553486697E-12
261;2.91464553486697E-12
262;2.91464553486697E-12
263;2.91464553486697E-12
264;2.91464553486697E-12
265;2.91464553486697E-12
266;2.91464553486697E-12
267;2.91464553486697E-12
268;2.91464553486697E-12
269;2.91464553486697E-12
270;2.91464553486697E-12
271;5.34297465515512E-11
272;1.07135994074602E-10
273;1.50790618045489E-10
274;1.84393618464212E-10
275;2.07944995330771E-10
276;2.21444748645166E-10
277;2.24892878407397E-10
278;2.18289384617464E-10
279;2.01634267275367E-10
280;1.74927526381106E-10
281;1.38169161934681E-10
282;9.13591739360925E-11
283;2.91464553486697E-12
284;2.91464553486697E-12
285;2.91464553486697E-12
286;2.91464553486697E-12
287;2.91464553486697E-12
288;2.91464553486697E-12
289;2.91464553486697E-12
290;2.91464553486697E-12
291;2.91464553486697E-12
292;2.91464553486697E-12
293;2.91464553486697E-12
294;2.91464553486697E-12
295;5.34297465515512E-11
296;1.07135994074602E-10
297;1.50790618045489E-10
298;1.84393618464212E-10
299;2.07944995330771E-10
300;2.21444748645166E-10
301;2.24892878407397E-10
302;2.18289384617464E-10
303;2.01634267275367E-10
304;1.74927526381106E-10
305;1.38169161934681E-10
306;9.13591739360925E-11
307;2.91464553486697E-12
308;2.91464553486697E-12
309;2.91464553486697E-12
310;2.91464553486697E-12
311;2.91464553486697E-12
312;2.91464553486697E-12
313;2.91464553486697E-12
314;2.91464553486697E-12
315;2.91464553486697E-12
316;2.91464553486697E-12
317;2.91464553486697E-12
318;2.91464553486697E-12
319;5.34297465515512E-11
320;1.07135994074602E-10
321;1.50790618045489E-10
322;1.84393618464212E-10
323;2.0960964731088E-10
324;2.29092417384315E-10
325;2.38625916859561E-10
326;2.37410136126273E-10
327;2.24645106263963E-10
328;1.99530903947283E-10
329;1.61267656352731E-10
330;1.09055546066794E-10
331;3.55652570787158E-12
332;3.63383304056113E-12
333;3.7111374254046E-12
334;3.78843871998129E-12
335;3.86573678184328E-12
336;3.94303146851545E-12
337;4.02032263749556E-12
338;4.0976101462543E-12
339;4.17489385223539E-12
340;4.25217361285566E-12
341;4.32944928550507E-12
342;4.40672072754684E-12
343;8.21981021813777E-11
344;1.67661585098765E-10
345;2.39975501803838E-10
346;2.98340325144403E-10
347;3.41956619749913E-10
348;3.70025046953595E-10
349;3.81746369715934E-10
350;3.76321457549522E-10
351;3.52951291445265E-10
352;3.10836968799941E-10
353;2.49179708345096E-10
354;1.67180855077291E-10
355;5.41079954077802E-12
356;5.48799676263011E-12
357;5.56518761115949E-12
358;5.64237194331093E-12
359;5.7195496160037E-12
360;5.79672048613161E-12
361;5.8738844105631E-12
362;5.95104124614135E-12
363;6.02819084968431E-12
364;6.10533307798479E-12
365;6.18246778781054E-12
366;6.25959483590434E-12
367;1.16161304405484E-10
368;2.3575819049578E-10
369;3.35811377432842E-10
370;4.1552278420229E-10
371;4.74094492586695E-10
372;5.10728752108894E-10
373;5.24627984976569E-10
374;5.14994791028099E-10
375;4.8103195267967E-10
376;4.21942439873638E-10
377;3.36929415028147E-10
378;2.2519623798798E-10
379;7.26148401650938E-12
380;7.33848874454853E-12
381;7.41548365905419E-12
382;7.49246861638037E-12
383;7.56944347285753E-12
384;7.64640808479259E-12
385;7.72336230846907E-12
386;7.80030600014711E-12
387;7.87723901606363E-12
388;7.95416121243238E-12
389;8.03107244544402E-12
390;8.1079725712662E-12
391;1.50040568360789E-10
392;3.03683450362125E-10
393;4.31401817641208E-10
394;5.32399888965117E-10
395;6.05882117208441E-10
396;6.51053194316185E-10
397;6.67118056267857E-10
398;6.53281888042716E-10
399;6.0875012858616E-10
400;5.32728475777277E-10
401;4.2442289139754E-10
402;2.83039606100611E-10
403;9.10659796769826E-12
404;9.18332747780666E-12
405;9.26004372054168E-12
406;9.33674655171523E-12
407;9.41343582711779E-12
408;9.49011140251847E-12
409;9.56677313366512E-12
410;9.64342087628442E-12
411;9.72005448608198E-12
412;9.79667381874247E-12
413;9.87327872992964E-12
414;9.94986907528645E-12
415;1.83799502643859E-10
416;3.71364381523827E-10
417;5.26644083969313E-10
418;6.48845985602027E-10
419;7.3717776773304E-10
420;7.90847422343545E-10
421;8.09063257066653E-10
422;7.91033900170252E-10
423;7.35968305540878E-10
424;6.43075757668633E-10
425;5.11565876633119E-10
426;3.40648623090376E-10
427;1.09441523547111E-11
428;1.10205236095548E-11
429;1.1096878130787E-11
430;1.11732157737315E-11
431;1.12495363936936E-11
432;1.13258398459594E-11
433;1.14021259857961E-11
434;1.14783946684522E-11
435;1.15546457491577E-11
436;1.1630879083124E-11
437;1.1707094525544E-11
438;1.17832919315925E-11
439;2.17401577839615E-10
440;4.38727725153393E-10
441;6.21435051516388E-10
442;7.64734949607262E-10
443;8.67839189620486E-10
444;9.2995992426296E-10
445;9.50309693751541E-10
446;9.28101430811503E-10
447;8.62548465675881E-10
448;7.52864531085713E-10
449;5.98263767291178E-10
450;3.97960727053598E-10
451;1.27721509722671E-11
452;1.28480806524707E-11
453;1.29239901218026E-11
454;1.299987923516E-11
455;1.30757478474235E-11
456;1.31515958134577E-11
457;1.3227422988111E-11
458;1.33032292262157E-11
459;1.33790143825884E-11
460;1.34547783120297E-11
461;1.35305208693248E-11
462;1.36062419092433E-11
463;2.50810140213621E-10
464;5.05699974353523E-10
465;7.1567124794531E-10
466;8.79940233720326E-10
467;9.97723653966834E-10
468;1.06823868554028E-09
469;1.09070296487432E-09
470;1.06433459299267E-09
471;9.88352140521604E-10
472;8.61974652703282E-10
473;6.84421654409793E-10
474;4.54913155157911E-10
475;1.45885912395669E-11
476;1.46639957786182E-11
477;1.47393766200582E-11
478;1.48147336184253E-11
479;1.48900666282445E-11
480;1.49653755040274E-11
481;1.50406601002728E-11
482;1.51159202714662E-11
483;1.51911558720805E-11
484;1.5266366756576E-11
485;1.53415527794001E-11
486;1.54167137949882E-11
487;2.83988427041027E-10
488;5.72207405040228E-10
489;8.09248897156049E-10
490;9.94334921585501E-10
491;1.12668801830475E-09
492;1.20553125409055E-09
493;1.2300882275423E-09
494;1.19958307410468E-09
495;1.11324047109089E-09
496;9.70285642706437E-10
497;7.69944365073533E-10
498;5.11442971256003E-10
499;1.63914650854458E-11
500;1.64662607088077E-11
501;1.65410291400675E-11
502;1.6615770233481E-11
503;1.66904838432938E-11
504;1.67651698237421E-11
505;1.6839828029052E-11
506;1.69144583134403E-11
507;1.69890605311143E-11
508;1.70636345362721E-11
509;1.71381801831028E-11
510;1.72126973257863E-11
511;3.16899583782104E-10
512;6.38176110546127E-10
513;9.02063968219646E-10
514;1.10779178787413E-09
515;1.25458879472603E-09
516;1.34168481316661E-09
517;1.3683102717922E-09
518;1.33369620843488E-09
519;1.23707427519354E-09
520;1.07767674346534E-09
521;8.54736508977558E-10
522;5.67487096819795E-10
523;1.81787599399294E-11
524;1.82528627088306E-11
525;1.83269347853203E-11
526;1.84009760234568E-11
527;1.84749862772927E-11
528;1.8548965400874E-11
529;1.86229132482411E-11
530;1.86968296734287E-11
531;1.87707145304658E-11
532;1.8844567673376E-11
533;1.89183889561779E-11
534;1.89921782328847E-11
535;3.49506683311406E-10
536;7.03532040358755E-10
537;9.94012230156205E-10
538;1.22018336558272E-09
539;1.38128222612969E-09
540;1.47654626293605E-09
541;1.50521360382367E-09
542;1.46652305833289E-09
543;1.35971412275828E-09
544;1.18402698518455E-09
545;9.3870253052271E-10
546;6.22982345546261E-10
547;1.994845984339E-11
548;2.00217857037542E-11
549;2.00950773677358E-11
550;2.01683346892912E-11
551;2.02415575223746E-11
552;2.03147457209384E-11
553;2.03878991389332E-11
554;2.04610176303083E-11
555;2.05341010490116E-11
556;2.06071492489899E-11
557;2.0680162084189E-11
558;2.07531394085541E-11
559;3.81772747403782E-10
560;7.68201043401061E-10
561;1.08498931312949E-09
562;1.33138202120634E-09
563;1.50662437138361E-09
564;1.60996231158502E-09
565;1.64064253894299E-09
566;1.59791250483562E-09
567;1.48102041992359E-09
568;1.28921525918702E-09
569;1.02174676696234E-09
570;6.7786546197893E-10
571;2.16985466842652E-11
572;2.17710115212318E-11
573;2.1843438656583E-11
574;2.19158279442781E-11
575;2.19881792382795E-11
576;2.2060492392552E-11
577;2.21327672610637E-11
578;2.22050036977855E-11
579;2.22772015566922E-11
580;2.23493606917619E-11
581;2.24214809569765E-11
582;2.24935622063222E-11
583;4.13660770675764E-10
584;8.32108916251679E-10
585;1.17489077661707E-09
586;1.44126003847017E-09
587;1.63047120016916E-09
588;1.74177957676717E-09
589;1.7744413050471E-09
590;1.72771334855609E-09
591;1.60085350263971E-09
592;1.39312039947587E-09
593;1.10377351310837E-09
594;7.32073164480163E-10
595;2.34270015760207E-11
596;2.3498521274494E-11
597;2.35699997675169E-11
598;2.36414369091689E-11
599;2.37128325535374E-11
600;2.37841865547174E-11
601;2.38554987668125E-11
602;2.39267690439344E-11
603;2.39979972402035E-11
604;2.40691832097489E-11
605;2.4140326806709E-11
606;2.42114278852314E-11
607;4.4513374717505E-10
608;8.95181456690957E-10
609;1.26361218509856E-09
610;1.54968971128162E-09
611;1.75267869825447E-09
612;1.87184469819086E-09
613;1.9064541574523E-09
614;1.85577442161579E-09
615;1.71907374050104E-09
616;1.49562127319701E-09
617;1.18468709308793E-09
618;7.85542192878676E-10
619;2.51318063836894E-11
620;2.52022968953386E-11
621;2.52727427020381E-11
622;2.53431436581163E-11
623;2.54134996179146E-11
624;2.54838104357884E-11
625;2.55540759661066E-11
626;2.56242960632524E-11
627;2.56944705816231E-11
628;2.57645993756309E-11
629;2.58346822997026E-11
630;2.590471920828E-11
631;4.76154699803964E-10
632;9.57344522944764E-10
633;1.35104919178463E-09
634;1.65654344654113E-09
635;1.87310298391507E-09
636;2.00000446210852E-09
637;2.03652550584201E-09
638;1.98194471137088E-09
639;1.83554165150069E-09
640;1.59659688060179E-09
641;1.26439193962295E-09
642;8.38209361104016E-10
643;2.68109454099156E-11
644;2.68803228270296E-11
645;2.69496520472621E-11
646;2.70189329253314E-11
647;2.70881653159753E-11
648;2.71573490739513E-11
649;2.7226484054037E-11
650;2.72955701110302E-11
651;2.73646070997495E-11
652;2.74335948750342E-11
653;2.75025332917447E-11
654;2.7571422204763E-11
655;5.06686712754692E-10
656;1.01852409898191E-09
657;1.43709763088662E-09
658;1.76169387742162E-09
659;1.99160043618801E-09
660;2.12610593843737E-09
661;2.16450005407263E-09
662;2.10607349664791E-09
663;1.950118028367E-09
664;1.6959264650807E-09
665;1.34279268128283E-09
666;8.90011615104989E-10
667;2.84624072499572E-11
668;2.85305878865364E-11
669;2.85987168454111E-11
670;2.86667939818442E-11
671;2.87348191511244E-11
672;2.88027922085674E-11
673;2.88707130095153E-11
674;2.89385814093376E-11
675;2.90063972634312E-11
676;2.90741604272205E-11
677;2.91418707561582E-11
678;2.92095281057251E-11
679;5.36692967124719E-10
680;1.07864636620208E-09
681;1.52165361889972E-09
682;1.8650139876934E-09
683;2.10802783560855E-09
684;2.24999663120094E-09
685;2.29022295353577E-09
686;2.22801049716528E-09
687;2.06266407710478E-09
688;1.79348963380693E-09
689;1.41979423813461E-09
690;9.4088609633193E-10
691;3.00841868245508E-11
692;3.01510873049946E-11
693;3.02179326418849E-11
694;3.02847226911971E-11
695;3.03514573089402E-11
696;3.0418136351157E-11
697;3.04847596739246E-11
698;3.05513271333546E-11
699;3.06178385855932E-11
700;3.06842938868222E-11
701;3.07506928932585E-11
702;3.08170354611549E-11
703;5.66136779870199E-10
704;1.13763778182953E-09
705;1.60461366534207E-09
706;1.96637724763396E-09
707;2.22224251803561E-09
708;2.37152464293489E-09
709;2.41353997072837E-09
710;2.34760603677064E-09
711;2.17304156832163E-09
712;1.88916648949188E-09
713;1.49530192618588E-09
714;9.9077021104324E-10
715;3.16742875989213E-11
716;3.1739824954641E-11
717;3.1805303720134E-11
718;3.1870723752271E-11
719;3.19360849079643E-11
720;3.20013870441678E-11
721;3.20666300178778E-11
722;3.2131813686133E-11
723;3.21969379060149E-11
724;3.22620025346484E-11
725;3.23270074292017E-11
726;3.23919524468872E-11
727;5.94981646242734E-10
728;1.19542516430322E-09
729;1.68587479335742E-09
730;2.06565776201902E-09
731;2.33410254212381E-09
732;2.49053885364887E-09
733;2.53429766962937E-09
734;2.46471122107298E-09
735;2.28111300187194E-09
736;1.98283777371252E-09
737;1.56922157098227E-09
738;1.03960170567453E-09
739;3.32307239955074E-11
740;3.32948157697632E-11
741;3.33588455308458E-11
742;3.34228131367185E-11
743;3.34867184453949E-11
744;3.35505613149386E-11
745;3.36143416034641E-11
746;3.36780591691373E-11
747;3.37417138701753E-11
748;3.38053055648472E-11
749;3.38688341114744E-11
750;3.3932299368431E-11
751;6.2319128584131E-10
752;1.25193578592637E-09
753;1.76533467054959E-09
754;2.16273043064319E-09
755;2.44346687094523E-09
756;2.60688911487768E-09
757;2.6523436094217E-09
758;2.57917812999008E-09
759;2.3867417852968E-09
760;2.07438502222368E-09
761;1.64145963068413E-09
762;1.08731874848386E-09
763;3.47515240071804E-11
764;3.48140883684069E-11
765;3.487658732215E-11
766;3.49390207276781E-11
767;3.50013884443189E-11
768;3.50636903314597E-11
769;3.51259262485479E-11
770;3.51880960550911E-11
771;3.52501996106579E-11
772;3.53122367748781E-11
773;3.5374207407443E-11
774;3.5436111368106E-11
775;6.50729692395667E-10
776;1.30709747300713E-09
777;1.84289175037309E-09
778;2.25747112176451E-09
779;2.55019556820281E-09
780;2.72042645928942E-09
781;2.76752655803183E-09
782;2.69086002566644E-09
783;2.48979242647799E-09
784;2.16369073261555E-09
785;1.71192332890514E-09
786;1.13386001765888E-09
787;3.6234732016843E-11
788;3.62956878806875E-11
789;3.63565749766513E-11
790;3.6417393165536E-11
791;3.64781423082121E-11
792;3.65388222656198E-11
793;3.6599432898769E-11
794;3.665997406874E-11
795;3.67204456366838E-11
796;3.67808474638228E-11
797;3.68411794114507E-11
798;3.69014413409335E-11
799;6.77561187380221E-10
800;1.36083871368766E-09
801;1.91844542435545E-09
802;2.34975685880695E-09
803;2.6541500094092E-09
804;2.83100332624557E-09
805;2.87969672188459E-09
806;2.799611576145E-09
807;2.59013074085676E-09
808;2.25063854461821E-09
809;1.78052079754931E-09
810;1.17916479604074E-09
811;3.76784118283093E-11
812;3.77376789885635E-11
813;3.77968740601036E-11
814;3.78559969055078E-11
815;3.79150473874339E-11
816;3.79740253686196E-11
817;3.80329307118831E-11
818;3.80917632801237E-11
819;3.81505229363218E-11
820;3.82092095435397E-11
821;3.8267822964922E-11
822;3.8326363063696E-11
823;7.0365047753862E-10
824;1.41308877362059E-09
825;1.99189618537233E-09
826;2.4394660205888E-09
827;2.75519310832989E-09
828;2.9384738036277E-09
829;2.98870599218937E-09
830;2.90528909509552E-09
831;2.68762407349426E-09
832;2.33511343329058E-09
833;1.84716122983141E-09
834;1.22317307258585E-09
835;3.9080649912276E-11
836;3.91381491808361E-11
837;3.91955730854414E-11
838;3.92529214907061E-11
839;3.93101942613354E-11
840;3.93673912621254E-11
841;3.94245123579642E-11
842;3.94815574138318E-11
843;3.95385262948009E-11
844;3.95954188660373E-11
845;3.96522349928004E-11
846;3.97089745404437E-11
847;7.2896271637809E-10
848;1.46377781960949E-09
849;2.06314580213749E-09
850;2.5264785552713E-09
851;2.85318955890629E-09
852;3.04269388615664E-09
853;3.09440820798296E-09
854;3.00775079781492E-09
855;2.78214153616877E-09
856;2.41700191525985E-09
857;1.91175504360984E-09
858;1.26582565064896E-09
859;4.04395588700015E-11
860;4.04952122259368E-11
861;4.05507869946785E-11
862;4.06062830431526E-11
863;4.06617002383873E-11
864;4.0717038447514E-11
865;4.07722975377678E-11
866;4.08274773764874E-11
867;4.08825778311166E-11
868;4.09375987692038E-11
869;4.09925400584032E-11
870;4.10474015664751E-11
871;7.53463569669783E-10
872;1.5128370512841E-09
873;2.1320975050039E-09
874;2.61067620814244E-09
875;2.94800609278426E-09
876;3.14352175033349E-09
877;3.19665943605645E-09
878;3.10685707361862E-09
879;2.87355425961592E-09
880;2.49619226810025E-09
881;1.97421405509929E-09
882;1.30706426313042E-09
883;4.17532811160001E-11
884;4.18070118637549E-11
885;4.18606608598693E-11
886;4.19142279738717E-11
887;4.19677130754056E-11
888;4.20211160342299E-11
889;4.20744367202197E-11
890;4.21276750033664E-11
891;4.21808307537789E-11
892;4.22339038416836E-11
893;4.22868941374251E-11
894;4.23398015114667E-11
895;7.77119284966376E-10
896;1.56019884083061E-09
897;2.19865618310172E-09
898;2.69194276326312E-09
899;3.03951175247469E-09
900;3.24081804602638E-09
901;3.29531826778545E-09
902;3.2024707746375E-09
903;2.96173566092101E-09
904;2.57257476285557E-09
905;2.0344516629637E-09
906;1.34683169448606E-09
907;4.30199927796405E-11
908;4.30717257163329E-11
909;4.31233738028967E-11
910;4.31749369117697E-11
911;4.32264149155177E-11
912;4.32778076868353E-11
913;4.33291150985463E-11
914;4.33803370236041E-11
915;4.34314733350927E-11
916;4.34825239062269E-11
917;4.3533488610353E-11
918;4.35843673209493E-11
919;7.99896765121061E-10
920;1.6057968807429E-09
921;2.26272859276173E-09
922;2.77016429890902E-09
923;3.12757818006617E-09
924;3.3344462046127E-09
925;3.39024613276722E-09
926;3.29445752092159E-09
927;3.04656172596786E-09
928;2.64604190961823E-09
929;2.09238304271778E-09
930;1.38507190955011E-09
931;4.4237907824002E-11
932;4.42875694157148E-11
933;4.43371431323078E-11
934;4.43866288494503E-11
935;4.4436026442953E-11
936;4.44853357887694E-11
937;4.45345567629959E-11
938;4.45836892418726E-11
939;4.46327331017837E-11
940;4.46816882192583E-11
941;4.47305544709706E-11
942;4.47793317337412E-11
943;8.21763645762856E-10
944;1.64956633950172E-09
945;2.3242235770899E-09
946;2.84522945663932E-09
947;3.21207992129451E-09
948;3.42427276346379E-09
949;3.48130762904278E-09
950;3.38268602163015E-09
951;3.12791130673558E-09
952;2.71648871597991E-09
953;2.14792535128739E-09
954;1.42173018907004E-09
955;4.54052823786869E-11
956;4.54528009455766E-11
957;4.55002286937531E-11
958;4.55475655024537E-11
959;4.5594811251072E-11
960;4.56419658191584E-11
961;4.56890290864208E-11
962;4.57360009327249E-11
963;4.57828812380952E-11
964;4.58296698827156E-11
965;4.58763667469296E-11
966;4.59229717112414E-11
967;8.42688376651777E-10
968;1.69144402502598E-09
969;2.38305229646954E-09
970;2.91702972371444E-09
971;3.29289474465028E-09
972;3.51016770642675E-09
973;3.56837086954765E-09
974;3.46702841195641E-09
975;3.20566643311313E-09
976;2.78381295806286E-09
977;2.20099794149544E-09
978;1.45675327179651E-09
979;4.65204192815196E-11
980;4.65657251914907E-11
981;4.66109374288039E-11
982;4.66560558766161E-11
983;4.67010804182552E-11
984;4.67460109372208E-11
985;4.6790847317185E-11
986;4.68355894419931E-11
987;4.68802371956639E-11
988;4.69247904623904E-11
989;4.69692491265408E-11
990;4.70136130726586E-11
991;8.62640306803845E-10
992;1.73136855567235E-09
993;2.43912846967249E-09
994;2.98545972846798E-09
995;3.36990397507375E-09
996;3.59200481981743E-09
997;3.65130784429145E-09
998;3.54736060529604E-09
999;3.27971263877279E-09
1000;2.84791546372873E-09
1001;2.25152258615123E-09
1002;1.49008950291315E-09
1003;4.75816728221696E-11
1004;4.76246986927828E-11
1005;4.7667628135028E-11
1006;4.7710461036346E-11
1007;4.77531972843645E-11
1008;4.77958367668983E-11
1009;4.78383793719501E-11
1010;4.78808249877113E-11
1011;4.79231735025625E-11
1012;4.79654248050742E-11
1013;4.80075787840073E-11
1014;4.80496353283142E-11
1015;8.81589773240243E-10
1016;1.76928053848825E-09
1017;2.49236862515947E-09
1018;3.05041754811433E-09
1019;3.44299284164616E-09
1020;3.66966206328883E-09
1021;3.72999479761425E-09
1022;3.62356266001986E-09
1023;3.34993930050588E-09
1024;2.90870040744242E-09
1025;2.29942371132629E-09
1026;1.52168898852756E-09
1027;4.85874536787364E-11
1028;4.86281345869312E-11
1029;4.86687164181831E-11
1030;4.87091990645945E-11
1031;4.87495824184704E-11
1032;4.87898663723193E-11
1033;4.88300508188534E-11
1034;4.88701356509897E-11
1035;4.89101207618504E-11
1036;4.89500060447638E-11
1037;4.89897913932647E-11
1038;4.90294767010953E-11
1039;8.99508193177156E-10
1040;1.80512275434691E-09
1041;2.5426923620426E-09
1042;3.11180502834183E-09
1043;3.512050838538E-09
1044;3.74302195478088E-09
1045;3.80431261970627E-09
1046;3.69551916005471E-09
1047;3.41623999027925E-09
1048;2.96607561614204E-09
1049;0.0000000023446286383
1050;1.55150375587917E-09
1051;4.95362340362154E-11
1052;4.95745077353381E-11
1053;4.96126798252711E-11
1054;4.96507502031673E-11
1055;4.96887187663987E-11
1056;4.9726585412557E-11
1057;4.97643500394546E-11
1058;4.98020125451247E-11
1059;4.98395728278224E-11
1060;4.98770307860255E-11
1061;4.99143863184347E-11
1062;4.99516393239749E-11
1063;9.16368159433022E-10
1064;1.83884034951351E-09
1065;2.59002262007049E-09
1066;3.1695281139034E-09
1067;3.57697209831888E-09
1068;3.81197196859072E-09
1069;3.874147251408E-09
1070;3.7631196083115E-09
1071;3.47851283911819E-09
1072;3.01995288533377E-09
1073;2.38706783355336E-09
1074;1.5794879188501E-09
1075;5.04265528735405E-11
1076;5.04623600170739E-11
1077;5.04980631449562E-11
1078;5.05336621597903E-11
1079;5.0569156964415E-11
1080;5.06045474619055E-11
1081;5.06398335555745E-11
1082;5.06750151489727E-11
1083;5.07100921458894E-11
1084;5.07450644503536E-11
1085;5.07799319666341E-11
1086;5.08146945992408E-11
1087;9.32143538788274E-10
1088;1.87038103310752E-09
1089;2.63428595787809E-09
1090;3.22349718927192E-09
1091;3.6376557765702E-09
1092;3.87640494542876E-09
1093;3.93939010113076E-09
1094;3.82625883182678E-09
1095;3.53666091176211E-09
1096;3.07024830449124E-09
1097;2.42667516607953E-09
1098;1.60559784829195E-09
1099;5.1257021403579E-11
1100;5.12903057748699E-11
1101;5.13234838595248E-11
1102;5.13565555660044E-11
1103;5.13895208030232E-11
1104;5.14223794795488E-11
1105;5.14551315048038E-11
1106;5.14877767882659E-11
1107;5.15203152396686E-11
1108;5.15527467690024E-11
1109;5.15850712865148E-11
1110;5.16172887027118E-11
1111;9.46809572989152E-10
1112;1.89969527983921E-09
1113;2.6754128386205E-09
1114;3.27362742827679E-09
1115;3.69400644657139E-09
1116;3.93621951314374E-09
1117;3.99993847255249E-09
1118;3.88483739730497E-09
1119;3.59059259087307E-09
1120;3.11688259069532E-09
1121;2.46338817116538E-09
1122;1.62979234660656E-09
1123;5.20263286480342E-11
1124;5.2057037395215E-11
1125;5.20876377301387E-11
1126;5.21181295675404E-11
1127;5.21485128224254E-11
1128;5.21787874100706E-11
1129;5.22089532460246E-11
1130;5.22390102461088E-11
1131;5.22689583264183E-11
1132;5.22987974033221E-11
1133;5.23285273934641E-11
1134;5.23581482137642E-11
1135;9.60342982042178E-10
1136;1.92673653730778E-09
1137;2.71333792198257E-09
1138;3.31983915148228E-09
1139;3.74593450265457E-09
1140;3.99132051661243E-09
1141;4.05569600155309E-09
1142;3.93876203556256E-09
1143;3.64022196940549E-09
1144;3.15978142930048E-09
1145;2.49714831968075E-09
1146;1.65203282594008E-09
1147;5.27332471267219E-11
1148;5.27613310019133E-11
1149;5.27893044946361E-11
1150;5.28171675263203E-11
1151;5.28449200186844E-11
1152;5.28725618937355E-11
1153;5.29000930737705E-11
1154;5.29275134813768E-11
1155;5.29548230394328E-11
1156;5.29820216711087E-11
1157;5.30091092998673E-11
1158;5.30360858494649E-11
1159;9.7272206939945E-10
1160;1.95146143705549E-09
1161;2.74800036142474E-09
1162;3.36205818990738E-09
1163;3.79335657064098E-09
1164;4.04161945509612E-09
1165;4.10657310065664E-09
1166;3.98794607318447E-09
1167;3.68546924956901E-09
1168;3.19887582026089E-09
1169;2.52790129179037E-09
1170;1.67228348926984E-09
1171;5.33766386381184E-11
1172;5.34020522398962E-11
1173;5.34273536545604E-11
1174;5.34525428106611E-11
1175;5.34776196370546E-11
1176;5.35025840629038E-11
1177;5.35274360176791E-11
1178;5.35521754311589E-11
1179;5.35768022334305E-11
1180;5.36013163548909E-11
1181;5.36257177262474E-11
1182;5.36500062785186E-11
1183;9.83926828587435E-10
1184;1.9738300084767E-09
1185;2.77934410539144E-09
1186;3.40021625352278E-09
1187;3.83619592358698E-09
1188;4.08703492516856E-09
1189;4.1524874090471E-09
1190;4.0323098695078E-09
1191;3.72626114663556E-09
1192;3.23410242859264E-09
1193;2.55559725387987E-09
1194;1.69051151358126E-09
1195;5.39554601054661E-11
1196;5.3978162123462E-11
1197;5.40007503254859E-11
1198;5.40232246476346E-11
1199;5.40455850263287E-11
1200;5.40678313983131E-11
1201;5.40899637006581E-11
1202;5.41119818707596E-11
1203;5.41338858463405E-11
1204;5.41556755654507E-11
1205;5.41773509664686E-11
1206;5.41989119881013E-11
1207;9.93939050783652E-10
1208;1.99380589458423E-09
1209;2.80731820107187E-09
1210;3.43425130279349E-09
1211;3.87438290087935E-09
1212;4.12749306711907E-09
1213;4.19336424602028E-09
1214;4.07178125685014E-09
1215;3.76253129565949E-09
1216;3.26540393728968E-09
1217;2.58019113736194E-09
1218;1.70668723424938E-09
1219;5.44687694600724E-11
1220;5.448872292047E-11
1221;5.45085611220527E-11
1222;5.45282840088894E-11
1223;5.45478915253907E-11
1224;5.45673836163088E-11
1225;5.4586760226739E-11
1226;5.46060213021203E-11
1227;5.46251667882357E-11
1228;5.46441966312135E-11
1229;5.46631107775274E-11
1230;5.4681909173998E-11
1231;1.00274243279687E-09
1232;2.01135656853705E-09
1233;2.83187709916536E-09
1234;3.46410792136735E-09
1235;3.90785532852937E-09
1236;4.16292801253266E-09
1237;4.22913706552935E-09
1238;4.10629598170028E-09
1239;3.79422065899467E-09
1240;3.29272940085139E-09
1241;2.60164291790208E-09
1242;1.72078432965574E-09
1243;5.49157315307757E-11
1244;5.49329040413502E-11
1245;5.49499600464615E-11
1246;5.49668994985728E-11
1247;5.49837223505061E-11
1248;5.5000428555443E-11
1249;5.50170180669255E-11
1250;5.50334908388564E-11
1251;5.50498468255005E-11
1252;5.50660859814846E-11
1253;5.50822082617992E-11
1254;5.50982136217983E-11
1255;1.01032268485772E-09
1256;2.02645354973628E-09
1257;2.85298095796596E-09
1258;3.48973768784169E-09
1259;3.93655893832601E-09
1260;4.19328233054683E-09
1261;4.25974790927621E-09
1262;4.13579814439019E-09
1263;3.82127793230934E-09
1264;3.31603459742029E-09
1265;2.61991789347798E-09
1266;1.7327800049887E-09
1267;5.52956239058982E-11
1268;5.5309987899141E-11
1269;5.53242343465325E-11
1270;5.53383632093461E-11
1271;5.53523744492311E-11
1272;5.53662680282139E-11
1273;5.53800439086978E-11
1274;5.53937020534644E-11
1275;5.54072424256744E-11
1276;5.54206649888675E-11
1277;5.5433969706964E-11
1278;5.5447156544265E-11
1279;1.0166676375782E-09
1280;2.03907261819897E-09
1281;2.87059594494457E-09
1282;3.5110995443733E-09
1283;3.96044778332034E-09
1284;4.21850747008505E-09
1285;4.28514785559837E-09
1286;4.16024063457035E-09
1287;3.8436599466176E-09
1288;3.33528237737082E-09
1289;2.63498695956218E-09
1290;1.74265517409254E-09
1291;5.56078427313915E-11
1292;5.56193757041495E-11
1293;5.56307903068134E-11
1294;5.56420865098738E-11
1295;5.56532642842139E-11
1296;5.56643236011103E-11
1297;5.56752644322338E-11
1298;5.56860867496497E-11
1299;5.5696790525819E-11
1300;5.57073757335987E-11
1301;5.57178423462426E-11
1302;5.5728190337402E-11
1303;1.02176734739118E-09
1304;2.04919402582438E-09
1305;2.8846945338733E-09
1306;3.52816015973423E-09
1307;3.97948464692968E-09
1308;4.23856419517134E-09
1309;4.30529746120229E-09
1310;4.17958555961844E-09
1311;3.86133206366915E-09
1312;3.3504430060369E-09
1313;2.64682687959617E-09
1314;1.75039463815125E-09
1315;5.58519084063247E-11
1316;5.58605931542833E-11
1317;5.58691589336828E-11
1318;5.58776057246255E-11
1319;5.58859335076227E-11
1320;5.58941422635951E-11
1321;5.59022319738736E-11
1322;5.59102026201999E-11
1323;5.59180541847272E-11
1324;5.59257866500208E-11
1325;5.59333999990587E-11
1326;5.59408942152325E-11
1327;1.025614199735E-09
1328;2.05680270307546E-09
1329;2.89525579540739E-09
1330;3.54089428425766E-09
1331;3.9936414427722E-09
1332;4.25342301024124E-09
1333;4.32016719260293E-09
1334;4.19380466292547E-09
1335;3.87426856186752E-09
1336;3.36149449811691E-09
1337;2.65542054880767E-09
1338;1.75598725991527E-09
1339;5.60274711344145E-11
1340;5.60332959796507E-11
1341;5.6039001492944E-11
1342;5.60445876643882E-11
1343;5.60500544845011E-11
1344;5.60554019442254E-11
1345;5.60606300349295E-11
1346;5.60657387484077E-11
1347;5.60707280768813E-11
1348;5.60755980129988E-11
1349;5.60803485498367E-11
1350;5.60849796809003E-11
1351;1.02820300920428E-09
1352;2.06188845951021E-09
1353;2.90226567891675E-09
1354;3.54928509396774E-09
1355;4.00289960217337E-09
1356;4.26306457218485E-09
1357;4.32973784394677E-09
1358;4.20287972882712E-09
1359;3.88245300972488E-09
1360;3.36842294115508E-09
1361;2.66075724931151E-09
1362;1.75942613210672E-09
1363;5.61343162879658E-11
1364;5.61372752977056E-11
1365;5.61401148560958E-11
1366;5.61428349635819E-11
1367;5.6145435621048E-11
1368;5.61479168298179E-11
1369;5.61502785916552E-11
1370;5.61525209087641E-11
1371;5.61546437837901E-11
1372;5.61566472198202E-11
1373;5.6158531220384E-11
1374;5.61602957894538E-11
1375;1.02953111584709E-09
1376;2.06444617651551E-09
1377;2.90571728324365E-09
1378;3.55332452104655E-09
1379;4.00725044612738E-09
1380;4.26748008568956E-09
1381;4.33400093772575E-09
1382;4.20680297078381E-09
1383;3.88587862370959E-09
1384;3.3712228053665E-09
1385;2.66283289433197E-09
1386;1.76070873857057E-09
1387;5.61723695384369E-11
1388;5.61724627330658E-11
1389;5.61724366093194E-11
1390;5.61722911783333E-11
1391;5.61720264516952E-11
1392;5.61716424414459E-11
1393;5.61711391600797E-11
1394;5.61705166205447E-11
1395;5.61697748362438E-11
1396;5.61689138210347E-11
1397;5.6167933589231E-11
1398;5.61668341556022E-11
1399;1.02959847675059E-09
1400;2.06447599052038E-09
1401;2.90561111395742E-09
1402;3.55301356766256E-09
1403;4.00669553835225E-09
1404;4.26667167829671E-09
1405;4.33295910473444E-09
1406;4.20557739926292E-09
1407;3.88454860720552E-09
1408;3.36989723695459E-09
1409;2.66165025929066E-09
1410;1.75983710667772E-09
1411;5.61417017058902E-11
1412;5.61389352541882E-11
1413;5.61360498772932E-11
1414;5.61330455973429E-11
1415;5.61299224369401E-11
1416;5.61266804191524E-11
1417;5.61233195675134E-11
1418;5.61198399060231E-11
1419;5.61162414591479E-11
1420;5.61125242518216E-11
1421;5.61086883094457E-11
1422;5.61047336578898E-11
1423;1.02840775202383E-09
1424;2.0619834648988E-09
1425;2.90195532458307E-09
1426;3.54836260007103E-09
1427;4.00124701594941E-09
1428;4.26065275145144E-09
1429;4.32662643948641E-09
1430;4.19921716564515E-09
1431;3.87847646718084E-09
1432;3.36445833196554E-09
1433;2.65721919742223E-09
1434;1.75681794943234E-09
1435;5.60425332778835E-11
1436;5.60369196773919E-11
1437;5.60311878122585E-11
1438;5.6025337715906E-11
1439;5.60193694222331E-11
1440;5.60132829656146E-11
1441;5.60070783809021E-11
1442;5.60007557034242E-11
1443;5.59943149689873E-11
1444;5.59877562138757E-11
1445;5.59810794748519E-11
1446;5.59742847891575E-11
1447;1.02596438425768E-09
1448;2.0569797487149E-09
1449;2.89476593920138E-09
1450;3.53939161979995E-09
1451;3.99092789407043E-09
1452;4.24944830371031E-09
1453;4.31502882719048E-09
1454;4.18774787836614E-09
1455;3.86768630506269E-09
1456;3.35492738763675E-09
1457;2.64955683751216E-09
1458;1.75166279569094E-09
1459;5.5875238546944E-11
1460;5.58667967873186E-11
1461;5.58582376973768E-11
1462;5.58495613220752E-11
1463;5.58407677068562E-11
1464;5.58318568976478E-11
1465;5.58228289408642E-11
1466;5.58136838834061E-11
1467;5.58044217726614E-11
1468;5.57950426565048E-11
1469;5.57855465832989E-11
1470;5.57759336018943E-11
1471;1.02227667051871E-09
1472;2.04948172041815E-09
1473;2.88406705375412E-09
1474;3.52613050865866E-09
1475;3.975772340908E-09
1476;4.2330952221819E-09
1477;4.29820423829749E-09
1478;4.17120688741787E-09
1479;3.85221307823534E-09
1480;3.3413351281291E-09
1481;2.63868776129775E-09
1482;1.74438810686612E-09
1483;5.56403493146847E-11
1484;5.5629105021854E-11
1485;5.56177446123637E-11
1486;5.56062681429164E-11
1487;5.55946756707082E-11
1488;5.55829672534289E-11
1489;5.55711429492622E-11
1490;5.55592028168862E-11
1491;5.55471469154735E-11
1492;5.55349753046915E-11
1493;5.5522688044703E-11
1494;5.55102851961658E-11
1495;1.01735582591779E-09
1496;2.03951211456333E-09
1497;2.86989101334393E-09
1498;3.50861924425251E-09
1499;3.95582591926932E-09
1500;4.21164253821308E-09
1501;4.27620298656652E-09
1502;4.14964353327613E-09
1503;3.83210282852632E-09
1504;3.3237219014876E-09
1505;2.62464415803925E-09
1506;1.73501537846605E-09
1507;5.53385581099249E-11
1508;5.53245436688499E-11
1509;5.53104146087218E-11
1510;5.52961709981597E-11
1511;5.52818129062825E-11
1512;5.52673404027087E-11
1513;5.52527535575568E-11
1514;5.52380524414457E-11
1515;5.52232371254945E-11
1516;5.5208307681323E-11
1517;5.51932641810519E-11
1518;5.51781066973028E-11
1519;1.01121603778464E-09
1520;2.02709962961305E-09
1521;2.85227856279407E-09
1522;3.48690808265914E-09
1523;3.93114579095937E-09
1524;4.18515164330346E-09
1525;4.24908794656976E-09
1526;4.12311935629234E-09
1527;3.807412874021E-09
1528;3.30213784465534E-09
1529;2.60746595375284E-09
1530;1.7235712248108E-09
1531;5.49707208678996E-11
1532;5.49539755217322E-11
1533;5.49371173416548E-11
1534;5.49201464083289E-11
1535;5.49030628029197E-11
1536;5.48858666070964E-11
1537;5.48685579030322E-11
1538;5.48511367734046E-11
1539;5.48336033013952E-11
1540;5.48159575706901E-11
1541;5.47981996654799E-11
1542;5.47803296704599E-11
1543;1.00387450947922E-09
1544;2.01227901487927E-09
1545;2.83127896773362E-09
1546;3.46105770492286E-09
1547;3.90180088020451E-09
1548;4.15369646123423E-09
1549;4.21693472656084E-09
1550;4.09170826259537E-09
1551;3.77821196055376E-09
1552;3.27664301337358E-09
1553;2.58720091260452E-09
1554;1.71008744527271E-09
1555;5.45378590178391E-11
1556;5.45184289412935E-11
1557;5.44988881059833E-11
1558;5.44792366046894E-11
1559;5.44594745306985E-11
1560;5.44396019778033E-11
1561;5.44196190403025E-11
1562;5.43995258130006E-11
1563;5.43793223912085E-11
1564;5.43590088707427E-11
1565;5.43385853479261E-11
1566;5.43180519195875E-11
1567;9.9535149287867E-10
1568;1.99509113467793E-09
1569;2.8069501034985E-09
1570;3.43113932405596E-09
1571;3.86787199238463E-09
1572;4.11736357244021E-09
1573;4.17983179267615E-09
1574;4.05549664259395E-09
1575;3.7445803692672E-09
1576;3.24730747383945E-09
1577;2.56390470799597E-09
1578;1.69460107040925E-09
1579;5.40411609269107E-11
1580;5.40190992717047E-11
1581;5.39969292241381E-11
1582;5.39746508891361E-11
1583;5.39522643721294E-11
1584;5.39297697790546E-11
1585;5.39071672163538E-11
1586;5.38844567909746E-11
1587;5.38616386103702E-11
1588;5.38387127824991E-11
1589;5.38156794158253E-11
1590;5.37925386193179E-11
1591;9.85670308596831E-10
1592;1.97558300780733E-09
1593;2.77935850919245E-09
1594;3.39723474930268E-09
1595;3.82945188441907E-09
1596;4.07625228673727E-09
1597;4.13788054052542E-09
1598;4.01458343825606E-09
1599;3.70660997671177E-09
1600;3.21421135306483E-09
1601;2.53764096093081E-09
1602;1.67715438639601E-09
1603;5.34819826497851E-11
1604;5.34573495600734E-11
1605;5.34326107356259E-11
1606;5.34077662934811E-11
1607;5.33828163511805E-11
1608;5.33577610267689E-11
1609;5.33326004387938E-11
1610;5.33073347063054E-11
1611;5.32819639488563E-11
1612;5.32564882865019E-11
1613;5.32309078397993E-11
1614;5.32052227298077E-11
1615;9.74857353021872E-10
1616;1.95380782051984E-09
1617;2.74857940433546E-09
1618;3.35943640452512E-09
1619;3.78664528327048E-09
1620;4.03047466064598E-09
1621;4.09119531036036E-09
1622;3.96908015547239E-09
1623;3.6644042640806E-09
1624;3.17744484498717E-09
1625;2.50848124333605E-09
1626;1.65779493622512E-09
1627;5.28618479349554E-11
1628;5.28347105307684E-11
1629;5.28074703392786E-11
1630;5.27801274895481E-11
1631;5.2752682111137E-11
1632;5.27251343341032E-11
1633;5.26974842890022E-11
1634;5.26697321068868E-11
1635;5.26418779193071E-11
1636;5.26139218583096E-11
1637;5.25858640564373E-11
1638;5.25577046467295E-11
1639;9.62942091297653E-10
1640;1.92982491123731E-09
1641;2.71469666564273E-09
1642;3.31784729771334E-09
1643;3.7395688491936E-09
1644;3.98015545572797E-09
1645;4.03990334219032E-09
1646;3.91911081798789E-09
1647;3.6180782723395E-09
1648;3.13710816952842E-09
1649;2.47650504412971E-09
1650;1.636575496212E-09
1651;5.21824474414412E-11
1652;5.21528797682612E-11
1653;5.21232125421578E-11
1654;5.20934459040651E-11
1655;5.2063579995407E-11
1656;5.2033614958098E-11
1657;5.20035509345417E-11
1658;5.19733880676316E-11
1659;5.19431265007494E-11
1660;5.19127663777658E-11
1661;5.18823078430394E-11
1662;5.18517510414162E-11
1663;9.49957035426257E-10
1664;1.90369972536571E-09
1665;2.67780276162647E-09
1666;3.27258093880653E-09
1667;3.68835108056625E-09
1668;3.92543203457723E-09
1669;3.98414466744598E-09
1670;3.86481185961256E-09
1671;3.56775850022416E-09
1672;3.09331148198358E-09
1673;2.44179969597286E-09
1674;1.61355402645181E-09
1675;5.14456371226791E-11
1676;5.14137200654328E-11
1677;5.13817069722098E-11
1678;5.13495979955994E-11
1679;5.13173932886708E-11
1680;5.12850930049728E-11
1681;5.12526972985329E-11
1682;5.12202063238574E-11
1683;5.11876202359302E-11
1684;5.1154939190213E-11
1685;5.11221633426443E-11
1686;5.10892928496388E-11
1687;9.35937706733629E-10
1688;1.87550373869491E-09
1689;2.6379986428981E-09
1690;3.22376120323978E-09
1691;3.63313215739866E-09
1692;3.86645419138675E-09
1693;3.92407193407606E-09
1694;3.80633195170079E-09
1695;3.51358274233509E-09
1696;3.04617473034646E-09
1697;2.40446026082483E-09
1698;1.58879359398723E-09
1699;5.06534357382627E-11
1700;5.06192568981862E-11
1701;5.05849858156897E-11
1702;5.05506226547348E-11
1703;5.05161675797496E-11
1704;5.04816207556284E-11
1705;5.0446982347731E-11
1706;5.04122525218818E-11
1707;5.03774314443697E-11
1708;5.03425192819469E-11
1709;5.03075162018287E-11
1710;5.02724223716925E-11
1711;9.20922582017522E-10
1712;1.84531434802558E-09
1713;2.59539358626908E-09
1714;3.1715221389036E-09
1715;3.57406372092671E-09
1716;3.80338391434243E-09
1717;3.85985016230184E-09
1718;3.7438317632201E-09
1719;3.45569986486971E-09
1720;2.99582745845026E-09
1721;2.36458937263459E-09
1722;1.56236226759145E-09
1723;4.98080214587762E-11
1724;4.97716749918129E-11
1725;4.97352403450111E-11
1726;4.96987176933526E-11
1727;4.96621072122696E-11
1728;4.9625409077644E-11
1729;4.95886234658071E-11
1730;4.95517505535379E-11
1731;4.95147905180635E-11
1732;4.94777435370573E-11
1733;4.94406097886389E-11
1734;4.94033894513732E-11
1735;9.04953022787527E-10
1736;1.81321472784768E-09
1737;2.55010499100779E-09
1738;3.11600771452136E-09
1739;3.51130858705576E-09
1740;3.73639507748323E-09
1741;3.7916564286489E-09
1742;3.67748365111612E-09
1743;3.39426951688905E-09
1744;2.94240855311257E-09
1745;2.32229703574962E-09
1746;1.53433298323598E-09
1747;4.89117275342641E-11
1748;4.88733139498951E-11
1749;4.88348165080398E-11
1750;4.87962353942779E-11
1751;4.87575707946205E-11
1752;4.87188228955091E-11
1753;4.86799918838151E-11
1754;4.86410779468383E-11
1755;4.86020812723066E-11
1756;4.8563002048375E-11
1757;4.85238404636245E-11
1758;4.84845967070612E-11
1759;8.88073187110826E-10
1760;1.7792936521047E-09
1761;2.50225812590593E-09
1762;3.05737150781442E-09
1763;3.44504039183458E-09
1764;3.66567306010851E-09
1765;3.71967947632732E-09
1766;3.60747127912085E-09
1767;3.3294617754257E-09
1768;2.88606593383163E-09
1769;2.27770037790666E-09
1770;1.50478337950046E-09
1771;4.79670370029135E-11
1772;4.79266629225857E-11
1773;4.78862095559431E-11
1774;4.78456770986701E-11
1775;4.78050657468601E-11
1776;4.7764375697015E-11
1777;4.77236071460437E-11
1778;4.76827602912616E-11
1779;4.76418353303894E-11
1780;4.76008324615519E-11
1781;4.75597518832774E-11
1782;4.75185937944962E-11
1783;8.70329923694553E-10
1784;1.74364528031388E-09
1785;2.45198582614196E-09
1786;2.9957763322347E-09
1787;3.37544316760387E-09
1788;3.59141429231062E-09
1789;3.64411925053848E-09
1790;3.53398916364591E-09
1791;3.26145672319838E-09
1792;2.82695618398023E-09
1793;2.23092335698621E-09
1794;1.47379560239288E-09
1795;4.69765764232803E-11
1796;4.69343542978947E-11
1797;4.68920576935212E-11
1798;4.68496868153837E-11
1799;4.68072418690903E-11
1800;4.6764723060632E-11
1801;4.6722130596382E-11
1802;4.66794646830941E-11
1803;4.66367255279018E-11
1804;4.65939133383174E-11
1805;4.65510283222305E-11
1806;4.65080706879068E-11
1807;8.51772647965954E-10
1808;1.70636890757492E-09
1809;2.39942813929991E-09
1810;2.93139380149994E-09
1811;3.30271084897937E-09
1812;3.51382572576251E-09
1813;3.56518635784903E-09
1814;3.45724214595032E-09
1815;3.19044395820678E-09
1816;2.76524412288621E-09
1817;2.18209642106347E-09
1818;1.4414560792812E-09
1819;4.59431086208463E-11
1820;4.58991564070948E-11
1821;4.58551347434594E-11
1822;4.58110438440674E-11
1823;4.57668839234022E-11
1824;4.57226551963023E-11
1825;4.56783578779597E-11
1826;4.5633992183919E-11
1827;4.55895583300756E-11
1828;4.55450565326753E-11
1829;4.55004870083123E-11
1830;4.54558499739282E-11
1831;8.32453200054535E-10
1832;1.66756867828756E-09
1833;2.34473192030832E-09
1834;2.86440383166555E-09
1835;3.2270467083939E-09
1836;3.43312422949271E-09
1837;3.48310144938702E-09
1838;3.37744479037118E-09
1839;3.11662203503487E-09
1840;2.70110231867179E-09
1841;2.1313561216711E-09
1842;1.40785526189168E-09
1843;4.48695244478307E-11
1844;4.48239652435227E-11
1845;4.47783418241331E-11
1846;4.47326544119864E-11
1847;4.46869032297322E-11
1848;4.46410885003439E-11
1849;4.45952104471175E-11
1850;4.454926929367E-11
1851;4.45032652639381E-11
1852;4.44571985821772E-11
1853;4.44110694729593E-11
1854;4.43648781611724E-11
1855;8.12425684735382E-10
1856;1.62735326371026E-09
1857;2.28805037550428E-09
1858;2.79499408100708E-09
1859;3.14866272153374E-09
1860;3.34953591103309E-09
1861;3.39809452828007E-09
1862;3.29482070905233E-09
1863;3.04019783829088E-09
1864;2.63471054224519E-09
1865;2.0788446806027E-09
1866;1.37308733860284E-09
1867;4.3758833563942E-11
1868;4.37117952028386E-11
1869;4.36646980494063E-11
1870;4.36175423333914E-11
1871;4.35703282848317E-11
1872;4.35230561340548E-11
1873;4.34757261116771E-11
1874;4.34283384486017E-11
1875;4.33808933760175E-11
1876;4.33333911253973E-11
1877;4.32858319284965E-11
1878;4.32382160173517E-11
1879;7.91746293558905E-10
1880;1.58583550382585E-09
1881;2.22954255649864E-09
1882;2.72335932856476E-09
1883;3.06777886365746E-09
1884;3.2632953640216E-09
1885;3.31040418246525E-09
1886;3.20960181429733E-09
1887;2.96138588925127E-09
1888;2.5662551633948E-09
1889;2.02470951102613E-09
1890;1.33724991655638E-09
1891;4.26141542550956E-11
1892;4.2565768862174E-11
1893;4.2517330268255E-11
1894;4.24688387096654E-11
1895;4.24202944229869E-11
1896;4.23716976450548E-11
1897;4.2323048612956E-11
1898;4.22743475640278E-11
1899;4.2225594735856E-11
1900;4.21767903662737E-11
1901;4.21279346933592E-11
1902;4.20790279554348E-11
1903;7.70473109568349E-10
1904;1.54313201433401E-09
1905;2.16937280501762E-09
1906;2.64970079281318E-09
1907;2.98462233847678E-09
1908;3.17464484407994E-09
1909;3.22027674475069E-09
1910;3.12202750040268E-09
1911;2.88040758745213E-09
1912;2.4959284905231E-09
1913;1.96910269414096E-09
1914;1.3004436744142E-09
1915;4.14387023169718E-11
1916;4.13891058254566E-11
1917;4.13394618719258E-11
1918;4.1289770698382E-11
1919;4.12400325470437E-11
1920;4.11902476603439E-11
1921;4.11404162809279E-11
1922;4.10905386516521E-11
1923;4.10406150155822E-11
1924;4.09906456159913E-11
1925;4.09406306963585E-11
1926;4.08905705003667E-11
1927;7.4866589519083E-10
1928;1.499362759961E-09
1929;2.1077101504183E-09
1930;2.57422539255939E-09
1931;2.89942674200185E-09
1932;3.08383337555724E-09
1933;3.12796538279397E-09
1934;3.03234375759022E-09
1935;2.79749038967691E-09
1936;2.42392805617101E-09
1937;1.91218041309914E-09
1938;1.26277198691171E-09
1939;4.02357790405467E-11
1940;4.01851106724858E-11
1941;4.01344007066387E-11
1942;4.00836493897198E-11
1943;4.00328569686182E-11
1944;3.99820236903955E-11
1945;3.99311498022846E-11
1946;3.98802355516878E-11
1947;3.98292811861744E-11
1948;3.97782869534798E-11
1949;3.9727253101503E-11
1950;3.96761798783053E-11
1951;7.26385864079104E-10
1952;1.45465059566115E-09
1953;2.04472766211709E-09
1954;2.49714495283504E-09
1955;2.8124311645016E-09
1956;2.99111579252879E-09
1957;3.03372912247296E-09
1958;2.94080222144594E-09
1959;2.71286692951853E-09
1960;2.35045585111643E-09
1961;1.85410234640881E-09
1962;1.22434052268956E-09
1963;3.90087583473167E-11
1964;3.89571600599217E-11
1965;3.89055261404434E-11
1966;3.88538568392892E-11
1967;3.88021524069978E-11
1968;3.87504130942371E-11
1969;3.86986391518021E-11
1970;3.86468308306135E-11
1971;3.85949883817154E-11
1972;3.85431120562736E-11
1973;3.84912021055738E-11
1974;3.84392587810196E-11
1975;7.03695437877343E-10
1976;1.40912077767834E-09
1977;1.98060175972464E-09
1978;2.41867535922735E-09
1979;2.72387923449592E-09
1980;2.89675171825484E-09
1981;2.9378318089547E-09
1982;2.84765916207775E-09
1983;2.62677408143816E-09
1984;2.27571751047697E-09
1985;1.79503102355206E-09
1986;1.18525681722312E-09
1987;3.77610731327244E-11
1988;3.77086890331497E-11
1989;3.76562753436432E-11
1990;3.76038323172379E-11
1991;3.75513602070523E-11
1992;3.74988592662887E-11
1993;3.74463297482308E-11
1994;3.73937719062423E-11
1995;3.73411859937646E-11
1996;3.7288572264315E-11
1997;3.72359309714847E-11
1998;3.71832623689369E-11
1999;6.80657989083033E-10
2000;1.3629004468343E-09
2001;1.9155114842419E-09
2002;2.33903566477978E-09
2003;2.63401810947052E-09
2004;2.80100448812943E-09
2005;2.84054101060536E-09
2006;2.75317441801845E-09
2007;2.53945197399489E-09
2008;2.1999214558989E-09
2009;1.7351311460621E-09
2010;1.14562982301028E-09
2011;3.64962008871563E-11
2012;3.64431766188423E-11
2013;3.63901288530622E-11
2014;3.63370578443634E-11
2015;3.6283963847332E-11
2016;3.62308471165905E-11
2017;3.61777079067958E-11
2018;3.61245464726372E-11
2019;3.60713630688346E-11
2020;3.60181579501363E-11
2021;3.5964931371317E-11
2022;3.59116835871758E-11
2023;6.57337571375977E-10
2024;1.31611808680948E-09
2025;1.84963773423321E-09
2026;2.25844715427914E-09
2027;2.54309741877849E-09
2028;2.70414002197211E-09
2029;2.74212687172004E-09
2030;2.65761028071049E-09
2031;2.45114295766836E-09
2032;2.12327799856338E-09
2033;1.67456887781823E-09
2034;1.10556943951642E-09
2035;3.5217648674684E-11
2036;3.51641307788375E-11
2037;3.51105955012173E-11
2038;3.50570430967391E-11
2039;3.5003473820308E-11
2040;3.49498879268175E-11
2041;3.4896285671147E-11
2042;3.48426673081594E-11
2043;3.47890330926998E-11
2044;3.47353832795929E-11
2045;3.46817181236411E-11
2046;3.46280378796225E-11
2047;6.33798638981688E-10
2048;1.2689029605753E-09
2049;1.78316247144518E-09
2050;2.17713237142193E-09
2051;2.45136816495423E-09
2052;2.60642565232562E-09
2053;2.64286092087282E-09
2054;2.56123033620623E-09
2055;2.36209053343231E-09
2056;2.04599840837827E-09
2057;1.61351110881916E-09
2058;1.06518602570741E-09
2059;3.39289375602986E-11
2060;3.38750728165144E-11
2061;3.38211968020133E-11
2062;3.37673097709037E-11
2063;3.37134119772343E-11
2064;3.36595036749924E-11
2065;3.36055851181018E-11
2066;3.35516565604203E-11
2067;3.34977182557382E-11
2068;3.34437704577759E-11
2069;3.33898134201817E-11
2070;3.33358473965301E-11
2071;6.10105756827285E-10
2072;1.22138452851862E-09
2073;1.71626790087704E-09
2074;2.09531411500756E-09
2075;2.35908159040272E-09
2076;2.50812891620654E-09
2077;2.54301484248274E-09
2078;2.46429827148749E-09
2079;2.27253824894682E-09
2080;1.96829395533882E-09
2081;1.55212469718085E-09
2082;1.0245898983218E-09
2083;3.26335865865824E-11
2084;3.25795213370277E-11
2085;3.2525450894731E-11
2086;3.24713755117986E-11
2087;3.24172954402271E-11
2088;3.23632109319017E-11
2089;3.23091222385936E-11
2090;3.22550296119584E-11
2091;3.22009333035335E-11
2092;3.21468335647366E-11
2093;3.2092730646863E-11
2094;3.20386248010839E-11
2095;5.86323303430186E-10
2096;1.17369185216402E-09
2097;1.64913563081991E-09
2098;2.01321441093079E-09
2099;2.26648801712975E-09
2100;2.40951631850259E-09
2101;2.44285921994725E-09
2102;2.36707665354051E-09
2103;2.18272856991174E-09
2104;1.89037492962423E-09
2105;1.49057569456398E-09
2106;9.83890819336268E-10
2107;3.13350964104024E-11
2108;3.12809758723692E-11
2109;3.12268561576661E-11
2110;3.11727375151914E-11
2111;3.11186201936837E-11
2112;3.10645044417194E-11
2113;3.10103905077113E-11
2114;3.09562786399054E-11
2115;3.09021690863799E-11
2116;3.08480620950424E-11
2117;3.07939579136282E-11
2118;3.0739856789698E-11
2119;5.62515168630234E-10
2120;1.12595298773951E-09
2121;1.58194581885986E-09
2122;1.93105346732749E-09
2123;2.17383566783287E-09
2124;2.3108520759036E-09
2125;2.34266225939676E-09
2126;2.269825690001E-09
2127;2.09290173474853E-09
2128;1.81244964753705E-09
2129;1.4290285606619E-09
2130;9.43197476358468E-10
2131;3.00369327191108E-11
2132;2.99829002910961E-11
2133;2.99288746116065E-11
2134;2.98748559251254E-11
2135;2.98208444759262E-11
2136;2.97668405080702E-11
2137;2.97128442654042E-11
2138;2.96588559915592E-11
2139;2.96048759299473E-11
2140;2.95509043237604E-11
2141;2.9496941415968E-11
2142;2.94429874493146E-11
2143;5.38744448431114E-10
2144;1.07829437414147E-09
2145;1.51487631027396E-09
2146;1.84904862075625E-09
2147;2.08136947726541E-09
2148;2.21239685088253E-09
2149;2.24268850375951E-09
2150;2.17280198079821E-09
2151;2.00329460134189E-09
2152;1.7347234508794E-09
2153;1.367645372762E-09
2154;9.02616959933092E-10
2155;2.87425095537237E-11
2156;2.86887061205056E-11
2157;2.86349152412376E-11
2158;2.85811371547896E-11
2159;2.85273720997718E-11
2160;2.84736203145328E-11
2161;2.84198820371573E-11
2162;2.83661575054644E-11
2163;2.83124469570051E-11
2164;2.82587506290607E-11
2165;2.82050687586406E-11
2166;2.815140158248E-11
2167;5.15073139353634E-10
2168;1.03084022012679E-09
2169;1.44810177562915E-09
2170;1.76741328176136E-09
2171;1.98932990330512E-09
2172;2.11440648579074E-09
2173;2.1431975473794E-09
2174;2.07625727076022E-09
2175;1.91413949506228E-09
2176;1.65739770778184E-09
2177;1.30658503672473E-09
2178;8.62254241964233E-10
2179;2.7455172673434E-11
2180;2.74017359158738E-11
2181;2.73483173693499E-11
2182;2.72949172659391E-11
2183;2.72415358374099E-11
2184;2.71881733152205E-11
2185;2.7134829930517E-11
2186;2.70815059141311E-11
2187;2.70282014965784E-11
2188;2.69749169080563E-11
2189;2.69216523784419E-11
2190;2.68684081372903E-11
2191;4.91561834818299E-10
2192;9.83711895788724E-10
2193;1.38179285471293E-09
2194;1.68635588854886E-09
2195;1.89795174759045E-09
2196;2.01713074758837E-09
2197;2.04444276188784E-09
2198;1.98043721358383E-09
2199;1.82566306769373E-09
2200;1.58066882334746E-09
2201;1.24600250599551E-09
2202;8.22211659634681E-10
2203;2.61781831014182E-11
2204;2.61252468169203E-11
2205;2.60723342242126E-11
2206;2.60194455474288E-11
2207;2.59665810103467E-11
2208;2.59137408363872E-11
2209;2.58609252486118E-11
2210;2.58081344697209E-11
2211;2.57553687220518E-11
2212;2.57026282275768E-11
2213;2.56499132079015E-11
2214;2.55972238842625E-11
2215;4.68269426164465E-10
2216;9.37027333550861E-10
2217;1.31611531417155E-09
2218;1.60607887780587E-09
2219;1.80746299591981E-09
2220;1.92081209407892E-09
2221;1.94667004438081E-09
2222;1.88558015790731E-09
2223;1.73808517719646E-09
2224;1.50472726873443E-09
2225;1.18604801546764E-09
2226;7.82588409334982E-10
2227;2.49147009960534E-11
2228;2.48623944357553E-11
2229;2.48101168445057E-11
2230;2.47578684373849E-11
2231;2.47056494290724E-11
2232;2.46534600338452E-11
2233;2.46013004655761E-11
2234;2.45491709377319E-11
2235;2.44970716633712E-11
2236;2.44450028551432E-11
2237;2.43929647252854E-11
2238;2.43409574856219E-11
2239;4.4525281097511E-10
2240;8.90900444034876E-10
2241;1.25122922639936E-09
2242;1.52677768189395E-09
2243;1.71808368883007E-09
2244;1.82568447274781E-09
2245;1.85011659918035E-09
2246;1.79191596644046E-09
2247;1.65161779842898E-09
2248;1.42975663746558E-09
2249;1.12686633714189E-09
2250;7.43480055197017E-10
2251;2.36677699942043E-11
2252;2.36162172230369E-11
2253;2.35646984686037E-11
2254;2.35132139358723E-11
2255;2.34617638293668E-11
2256;2.34103483531661E-11
2257;2.33589677109022E-11
2258;2.33076221057584E-11
2259;2.32563117404677E-11
2260;2.32050368173109E-11
2261;2.31537975381152E-11
2262;2.31025941042522E-11
2263;4.2256661140709E-10
2264;8.45440552217022E-10
2265;1.1872881773017E-09
2266;1.44863976173919E-09
2267;1.63002483286988E-09
2268;1.73197216340441E-09
2269;1.75500976455554E-09
2270;1.69966487919419E-09
2271;1.5664639750297E-09
2272;1.35593273781433E-09
2273;1.06859606457242E-09
2274;7.04978056853951E-10
2275;2.24403021740266E-11
2276;2.23896214597784E-11
2277;2.23389795556409E-11
2278;2.22883766554711E-11
2279;2.22378129526428E-11
2280;2.21872886400442E-11
2281;2.2136803910077E-11
2282;2.20863589546544E-11
2283;2.20359539651998E-11
2284;2.1985589132645E-11
2285;2.19352646474287E-11
2286;2.18849806994947E-11
2287;4.0026290522425E-10
2288;8.00751859280234E-10
2289;1.12443851053912E-09
2290;1.37184368471871E-09
2291;1.54348736305054E-09
2292;1.63988867578641E-09
2293;1.66156589573085E-09
2294;1.60903643179969E-09
2295;1.48281682260486E-09
2296;1.28342273006543E-09
2297;1.0113689330452E-09
2298;6.67169321016656E-10
2299;2.12350637836421E-11
2300;2.11853670210727E-11
2301;2.1135713584534E-11
2302;2.10861036558462E-11
2303;2.10365374163095E-11
2304;2.09870150467015E-11
2305;2.09375367272769E-11
2306;2.08881026377654E-11
2307;2.08387129573703E-11
2308;2.07893678647674E-11
2309;2.07400675381032E-11
2310;2.06908121549937E-11
2311;3.7839097219273E-10
2312;7.56932935489604E-10
2313;1.06281861574447E-09
2314;1.29655825669599E-09
2315;1.45866116678628E-09
2316;1.5496357130967E-09
2317;1.56998931531132E-09
2318;1.52022843970846E-09
2319;1.40085859318012E-09
2320;1.21238431727949E-09
2321;9.55309182296735E-10
2322;6.30135781363056E-10
2323;2.00546618789674E-11
2324;2.00060540548428E-11
2325;1.99574937738945E-11
2326;1.9908981205061E-11
2327;1.98605165167268E-11
2328;1.98120998767214E-11
2329;1.97637314523178E-11
2330;1.97154114102316E-11
2331;1.96671399166192E-11
2332;1.96189171370767E-11
2333;1.95707432366389E-11
2334;1.95226183797777E-11
2335;3.56997058422807E-10
2336;7.14076249265318E-10
2337;1.00255826798391E-09
2338;1.22294171708226E-09
2339;1.37572417931872E-09
2340;1.461402212099E-09
2341;1.48047134189835E-09
2342;1.43342605871318E-09
2343;1.32075981054233E-09
2344;1.142964997898E-09
2345;9.00532968346499E-10
2346;5.93954011078777E-10
2347;1.89015320088485E-11
2348;1.88541107135139E-11
2349;1.88067408604649E-11
2350;1.87594226050031E-11
2351;1.8712156101847E-11
2352;1.86649415051307E-11
2353;1.86177789684031E-11
2354;1.85706686446264E-11
2355;1.85236106861751E-11
2356;1.84766052448352E-11
2357;1.84296524718027E-11
2358;1.83827525176827E-11
2359;3.36124161128484E-10
2360;6.72267737397151E-10
2361;9.43778025404809E-10
2362;1.15114100539453E-09
2363;1.29484156015547E-09
2364;1.375363469897E-09
2365;1.39318940715367E-09
2366;1.3488009317211E-09
2367;1.24267848562289E-09
2368;1.07530138810848E-09
2369;8.47147830682307E-10
2370;5.58694872163994E-10
2371;1.77779270784377E-11
2372;1.77317820691945E-11
2373;1.76856920663146E-11
2374;1.76396572108066E-11
2375;1.75936776430711E-11
2376;1.75477535028995E-11
2377;1.75018849294732E-11
2378;1.74560720613624E-11
2379;1.74103150365252E-11
2380;1.73646139923071E-11
2381;1.73189690654398E-11
2382;1.727338039204E-11
2383;3.15811836124419E-10
2384;6.31586421037388E-10
2385;8.8658869157626E-10
2386;1.08129110724063E-09
2387;1.21616495943784E-09
2388;1.29168036685948E-09
2389;1.30830627088986E-09
2390;1.26651043104663E-09
2391;1.1667594204535E-09
2392;1.00951862134516E-09
2393;7.95252220604481E-10
2394;5.24423205332016E-10
2395;1.66859075124283E-11
2396;1.66411203335505E-11
2397;1.65963913755441E-11
2398;1.6551720764575E-11
2399;1.65071086261808E-11
2400;1.64625550852694E-11
2401;1.64180602661184E-11
2402;1.63736242923746E-11
2403;1.6329247287053E-11
2404;1.62849293725363E-11
2405;1.62406706705741E-11
2406;1.61964713022819E-11
2407;2.96096030189973E-10
2408;5.9210407172522E-10
2409;8.31090848483484E-10
2410;1.0135144869904E-09
2411;1.13983188238891E-09
2412;1.21049869433523E-09
2413;1.2259693429278E-09
2414;1.18669700466927E-09
2415;1.09313360846147E-09
2416;9.45729831633552E-10
2417;7.44935096003199E-10
2418;4.91197563971071E-10
2419;1.56273328283847E-11
2420;1.55839764920906E-11
2421;1.55406812296937E-11
2422;1.54974471520801E-11
2423;1.54542743694918E-11
2424;1.54111629915256E-11
2425;1.53681131271328E-11
2426;1.53251248846189E-11
2427;1.52821983716425E-11
2428;1.52393336952154E-11
2429;1.51965309617017E-11
2430;1.51537902768175E-11
2431;2.77008940203098E-10
2432;5.538849312374E-10
2433;7.77374465488116E-10
2434;9.47920613593057E-10
2435;1.0659651590867E-09
2436;1.13194859482886E-09
2437;1.14631011946703E-09
2438;1.10948763393235E-09
2439;1.02191773796933E-09
2440;8.8403572669929E-10
2441;6.96275587217536E-10
2442;4.59069995224381E-10
2443;1.46038547170387E-11
2444;1.45619934491366E-11
2445;1.45201957375281E-11
2446;1.44784616775003E-11
2447;1.44367913636851E-11
2448;1.43951848900589E-11
2449;1.43536423499426E-11
2450;1.43121638360006E-11
2451;1.42707494402414E-11
2452;1.42293992540163E-11
2453;1.41881133680199E-11
2454;1.41468918722897E-11
2455;2.58578900684342E-10
2456;5.1698548853077E-10
2457;7.25518588817488E-10
2458;8.84605585079923E-10
2459;9.94672525763011E-10
2460;1.05614412119162E-09
2461;1.06944374057501E-09
2462;1.0349934090454E-09
2463;9.53213804730622E-10
2464;8.24524255860851E-10
2465;6.49342737909542E-10
2466;4.28085870768416E-10
2467;1.36169117111891E-11
2468;1.35766007644418E-11
2469;1.35363554794852E-11
2470;1.34961759358095E-11
2471;1.34560622122445E-11
2472;1.34160143869589E-11
2473;1.33760325374607E-11
2474;1.33361167405969E-11
2475;1.32962670725534E-11
2476;1.32564836088551E-11
2477;1.32167664243653E-11
2478;1.31771155932864E-11
2479;2.40830301095917E-10
2480;4.81454316447524E-10
2481;6.7559111530532E-10
2482;8.23651856259508E-10
2483;9.2604632265944E-10
2484;9.83182920130558E-10
2485;9.95468674125539E-10
2486;9.6330922750968E-10
2487;8.87108838180479E-10
2488;7.67270376721444E-10
2489;6.04195324090129E-10
2490;3.98283769340355E-10
2491;1.26677255079004E-11
2492;1.26290110454138E-11
2493;1.25903639700015E-11
2494;1.25517843452839E-11
2495;1.25132722342204E-11
2496;1.24748276991095E-11
2497;1.24364508015889E-11
2498;1.23981416026357E-11
2499;1.23599001625666E-11
2500;1.23217265410375E-11
2501;1.22836207970446E-11
2502;1.22455829889235E-11
2503;2.23783533915963E-10
2504;4.47331970200424E-10
2505;6.27648653183042E-10
2506;7.65128072978808E-10
2507;8.60163312189925E-10
2508;9.13146043969759E-10
2509;9.24466530120873E-10
2510;8.94513619227172E-10
2511;8.23674744820094E-10
2512;7.1233592357886E-10
2513;5.60881753564777E-10
2514;3.69695412489533E-10
2515;1.17572989902574E-11
2516;1.17202180404005E-11
2517;1.16832058223749E-11
2518;1.16462623839836E-11
2519;1.16093877723731E-11
2520;1.15725820340346E-11
2521;1.15358452148035E-11
2522;1.14991773598602E-11
2523;1.14625785137304E-11
2524;1.14260487202854E-11
2525;1.13895880227424E-11
2526;1.1353196463665E-11
2527;2.07454974157952E-10
2528;4.14650948951146E-10
2529;5.81736471727371E-10
2530;7.09089015106611E-10
2531;7.9708461978193E-10
2532;8.46097893126575E-10
2533;8.56502007834798E-10
2534;8.28668700596359E-10
2535;7.62968270804682E-10
2536;6.59769579298627E-10
2537;5.1944004713786E-10
2538;3.42345654411763E-10
2539;1.08864159752329E-11
2540;1.0850996458753E-11
2541;1.08156466410316E-11
2542;1.07803665542312E-11
2543;1.07451562298686E-11
2544;1.07100156988147E-11
2545;1.0674944991296E-11
2546;1.06399441368941E-11
2547;1.06050131645473E-11
2548;1.05701521025501E-11
2549;1.05353609785547E-11
2550;1.05006398195711E-11
2551;1.91856990634565E-10
2552;3.83435721050214E-10
2553;5.37888540519521E-10
2554;6.55575649107816E-10
2555;7.36855798314414E-10
2556;7.82086290214756E-10
2557;7.91622976635595E-10
2558;7.65820258363221E-10
2559;7.05031084384639E-10
2560;6.09606951161671E-10
2561;4.79897901937946E-10
2562;3.16252526078693E-10
2563;1.00556426935611E-11
2564;1.0021903522681E-11
2565;9.98823464533425E-12
2566;9.95463607834383E-12
2567;9.9211078379017E-12
2568;9.88764993956978E-12
2569;9.85426239828057E-12
2570;9.820945228338E-12
2571;9.78769844341811E-12
2572;9.75452205656989E-12
2573;9.72141608021603E-12
2574;9.68838052615368E-12
2575;1.76997988879739E-10
2576;3.53702812732823E-10
2577;4.96127657980512E-10
2578;6.04615289742045E-10
2579;6.7950701556265E-10
2580;7.21142685078382E-10
2581;7.29860689713103E-10
2582;7.0599796240758E-10
2583;6.49889977380588E-10
2584;5.61870749921997E-10
